PRAGMA synchronous = OFF;
PRAGMA journal_mode = MEMORY;
BEGIN TRANSACTION;
CREATE TABLE `clients` (
  `idClient` integer NOT NULL PRIMARY KEY AUTOINCREMENT
,  `Company` varchar(45) DEFAULT NULL
,  `Address` varchar(200) DEFAULT NULL
,  `Address2` varchar(200) DEFAULT NULL
,  `ABN` varchar(45) DEFAULT NULL
,  `Phone` varchar(200) DEFAULT NULL
,  `NotificationEmail` varchar(300) DEFAULT NULL
,  `encrypt` varchar(45) DEFAULT NULL
,  `owner` integer DEFAULT NULL
,  `idClientApp` integer DEFAULT NULL
);
INSERT INTO `clients` VALUES (1,'EcoDiagnostics','broadway,
Floreat','broadway,
Floreat','3124','0409102576',NULL,'40b904fd8852297daeaeb426b1bca46fd2454aa3',1,NULL);
CREATE TABLE `coc` (
  `ED` integer NOT NULL PRIMARY KEY AUTOINCREMENT
,  `projectFk` integer DEFAULT NULL
,  `Field ID` varchar(200) NOT NULL
,  `Collection Date` datetime NOT NULL
,  `Type` varchar(100) DEFAULT NULL
,  `Comment` varchar(200) DEFAULT NULL
,  `Received Date` datetime NOT NULL
,  `SubProject` varchar(45) DEFAULT NULL
);
INSERT INTO `coc` VALUES (1,1,'Q3_001_b','2013-07-30 00:00:00',NULL,NULL,'2013-07-30 20:57:35',NULL);
INSERT INTO `coc` VALUES (2,1,'Q5_001_b','2013-07-30 00:00:00',NULL,NULL,'2013-07-30 20:57:35',NULL);
INSERT INTO `coc` VALUES (3,1,'EPI_001_b','2013-07-30 00:00:00',NULL,NULL,'2013-07-30 20:57:35',NULL);
INSERT INTO `coc` VALUES (4,1,'Q7_001_b','2013-07-30 00:00:00',NULL,NULL,'2013-07-30 20:57:36',NULL);
INSERT INTO `coc` VALUES (5,1,'Q9_001_b','2013-07-30 00:00:00',NULL,NULL,'2013-07-30 20:57:36',NULL);
INSERT INTO `coc` VALUES (6,1,'S_002_b','2013-07-30 00:00:00',NULL,NULL,'2013-07-30 20:57:37',NULL);
INSERT INTO `coc` VALUES (7,1,'Q2_001_b','2013-07-30 00:00:00',NULL,NULL,'2013-07-30 20:57:38',NULL);
INSERT INTO `coc` VALUES (8,1,'S_001_b','2013-07-30 00:00:00',NULL,NULL,'2013-07-30 20:57:38',NULL);
INSERT INTO `coc` VALUES (9,2,'010813-PAW-HHV-Q-016','2013-09-09 00:00:00',NULL,NULL,'2013-09-09 21:03:30',NULL);
INSERT INTO `coc` VALUES (10,2,'010813-CLM2-HHV-D-001','2013-09-09 00:00:00',NULL,NULL,'2013-09-09 21:03:30',NULL);
INSERT INTO `coc` VALUES (11,2,'020813-TLH-HHV-D-001','2013-09-09 00:00:00',NULL,NULL,'2013-09-09 21:03:31',NULL);
INSERT INTO `coc` VALUES (12,2,'020813-CMAD2-HHV-D-002','2013-09-09 00:00:00',NULL,NULL,'2013-09-09 21:03:31',NULL);
INSERT INTO `coc` VALUES (13,2,'020813-CMAD3-HHV-D-003','2013-09-09 00:00:00',NULL,NULL,'2013-09-09 21:03:32',NULL);
INSERT INTO `coc` VALUES (14,2,'310713-CLM1-HHV-Q-002','2013-09-09 00:00:00',NULL,NULL,'2013-09-09 21:03:33',NULL);
INSERT INTO `coc` VALUES (15,2,'010813-PAW-HHV-Q-006','2013-09-09 00:00:00',NULL,NULL,'2013-09-09 21:03:34',NULL);
INSERT INTO `coc` VALUES (16,2,'310713-CLM1-HHV-D-002','2013-09-09 00:00:00',NULL,NULL,'2013-09-09 21:03:34',NULL);
INSERT INTO `coc` VALUES (17,2,'310713-CLM3-HHV-Q-002','2013-09-09 00:00:00',NULL,NULL,'2013-09-09 21:03:34',NULL);
INSERT INTO `coc` VALUES (18,2,'310713-CLM1-HHV-D-001','2013-09-09 00:00:00',NULL,NULL,'2013-09-09 21:03:34',NULL);
INSERT INTO `coc` VALUES (19,2,'310713-CLM1-HHV-Q-001','2013-09-09 00:00:00',NULL,NULL,'2013-09-09 21:03:34',NULL);
INSERT INTO `coc` VALUES (20,2,'010813-PAW-HHV-Q-005','2013-09-09 00:00:00',NULL,NULL,'2013-09-09 21:03:34',NULL);
INSERT INTO `coc` VALUES (21,2,'310713-CLM1-HHV-Q-004','2013-09-09 00:00:00',NULL,NULL,'2013-09-09 21:03:34',NULL);
INSERT INTO `coc` VALUES (22,2,'010813-PAW-HHV-Q-009','2013-09-09 00:00:00',NULL,NULL,'2013-09-09 21:03:34',NULL);
INSERT INTO `coc` VALUES (23,2,'310713-CLM1-HHV-D-004','2013-09-09 00:00:00',NULL,NULL,'2013-09-09 21:03:34',NULL);
INSERT INTO `coc` VALUES (24,2,'020813-TLH-HHV-D-002','2013-09-09 00:00:00',NULL,NULL,'2013-09-09 21:03:34',NULL);
CREATE TABLE `projects` (
  `idprojects` integer NOT NULL PRIMARY KEY AUTOINCREMENT
,  `idClientFk` integer NOT NULL
,  `project_name` varchar(45) DEFAULT NULL
,  `projectComment` varchar(200) DEFAULT NULL
,  `projectstatus` varchar(45) DEFAULT NULL
,  `actioned` varchar(45) DEFAULT NULL
,  `reportlink` varchar(150) DEFAULT NULL
,  `invoiced` integer DEFAULT 0
,  `invoicedDate` datetime DEFAULT NULL
,  `statusDate` datetime DEFAULT NULL
,  `active` integer DEFAULT 0
);
INSERT INTO `projects` VALUES (1,3,'WV0405-420',NULL,NULL,NULL,NULL,1,NULL,NULL,0);
INSERT INTO `projects` VALUES (2,3,'WVO4505.420',NULL,NULL,NULL,NULL,1,NULL,NULL,0);
INSERT INTO `projects` VALUES (3,5,'MSA202.3',NULL,NULL,NULL,NULL,1,NULL,NULL,0);
INSERT INTO `projects` VALUES (4,6,'X940/05 13/7795',NULL,NULL,NULL,NULL,1,NULL,NULL,0);
INSERT INTO `projects` VALUES (5,6,'',NULL,NULL,NULL,NULL,1,NULL,NULL,0);
INSERT INTO `projects` VALUES (6,7,'Woolies RDC',NULL,NULL,NULL,NULL,1,NULL,NULL,0);
INSERT INTO `projects` VALUES (7,8,'',NULL,NULL,NULL,NULL,1,NULL,NULL,0);
INSERT INTO `projects` VALUES (8,10,'JDNAUS/0945/1030',NULL,NULL,NULL,NULL,1,NULL,NULL,0);
INSERT INTO `projects` VALUES (9,11,'',NULL,'Complete',NULL,NULL,1,NULL,NULL,0);
INSERT INTO `projects` VALUES (10,11,'Hunsa',NULL,'Complete',NULL,NULL,1,NULL,NULL,0);
INSERT INTO `projects` VALUES (11,11,'Western Meats',NULL,'Complete',NULL,NULL,1,NULL,NULL,0);
INSERT INTO `projects` VALUES (12,11,'Linley Valley',NULL,'Complete',NULL,NULL,1,NULL,NULL,0);
INSERT INTO `projects` VALUES (13,11,'Hunsa',NULL,'Complete',NULL,NULL,1,NULL,NULL,0);
INSERT INTO `projects` VALUES (14,11,'Bradken',NULL,'Complete',NULL,NULL,1,NULL,NULL,0);
INSERT INTO `projects` VALUES (15,11,'Doral',NULL,'Complete',NULL,NULL,1,NULL,NULL,0);
INSERT INTO `projects` VALUES (16,11,'Metso Minerals',NULL,'Complete',NULL,NULL,1,NULL,NULL,0);
INSERT INTO `projects` VALUES (17,11,'Solarhart',NULL,'Complete',NULL,NULL,1,NULL,NULL,0);
INSERT INTO `projects` VALUES (18,11,'Capral',NULL,'Complete',NULL,NULL,1,NULL,NULL,0);
INSERT INTO `projects` VALUES (19,12,'',NULL,NULL,NULL,NULL,1,NULL,NULL,0);
INSERT INTO `projects` VALUES (20,12,'',NULL,NULL,NULL,NULL,1,NULL,NULL,0);
INSERT INTO `projects` VALUES (21,12,'',NULL,NULL,NULL,NULL,1,NULL,NULL,0);
INSERT INTO `projects` VALUES (22,11,'',NULL,'Complete',NULL,NULL,1,NULL,NULL,0);
INSERT INTO `projects` VALUES (23,8,'Water Corp Coral Bay',NULL,NULL,NULL,NULL,1,NULL,NULL,0);
INSERT INTO `projects` VALUES (24,11,'Capral',NULL,'Complete',NULL,NULL,1,NULL,NULL,0);
INSERT INTO `projects` VALUES (26,12,'',NULL,NULL,NULL,NULL,1,NULL,NULL,0);
INSERT INTO `projects` VALUES (27,12,'',NULL,NULL,NULL,NULL,1,NULL,NULL,0);
INSERT INTO `projects` VALUES (28,12,'',NULL,NULL,NULL,NULL,1,NULL,NULL,0);
INSERT INTO `projects` VALUES (29,12,'',NULL,NULL,NULL,NULL,1,NULL,NULL,0);
INSERT INTO `projects` VALUES (30,12,'',NULL,NULL,NULL,NULL,1,NULL,NULL,0);
INSERT INTO `projects` VALUES (31,12,'',NULL,NULL,NULL,NULL,1,NULL,NULL,0);
INSERT INTO `projects` VALUES (32,12,'',NULL,NULL,NULL,NULL,1,NULL,NULL,0);
INSERT INTO `projects` VALUES (33,12,'',NULL,NULL,NULL,NULL,1,NULL,NULL,0);
INSERT INTO `projects` VALUES (34,12,'',NULL,NULL,NULL,NULL,1,NULL,NULL,0);
INSERT INTO `projects` VALUES (37,11,'Capral',NULL,'Complete',NULL,NULL,1,NULL,NULL,0);
INSERT INTO `projects` VALUES (38,11,'Metso',NULL,'Complete',NULL,NULL,1,NULL,NULL,0);
INSERT INTO `projects` VALUES (39,11,'Solarhart',NULL,'Complete',NULL,NULL,1,NULL,NULL,0);
INSERT INTO `projects` VALUES (40,12,'',NULL,NULL,NULL,NULL,1,NULL,NULL,0);
INSERT INTO `projects` VALUES (41,12,'',NULL,NULL,NULL,NULL,1,NULL,NULL,0);
INSERT INTO `projects` VALUES (42,11,'Western Meats',NULL,'Complete',NULL,NULL,1,NULL,NULL,0);
CREATE TABLE `sample_test` (
  `idsample_test` integer NOT NULL PRIMARY KEY AUTOINCREMENT
,  `cocFk` integer DEFAULT NULL
,  `idtestsFk` integer DEFAULT NULL
,  `started` integer DEFAULT 0
,  `result` integer DEFAULT NULL
,  `result2` float(10,2) DEFAULT NULL
,  `comment` varchar(200) DEFAULT NULL
,  `date` datetime DEFAULT NULL
,  `version` integer DEFAULT 1
,  `file id` varchar(200) DEFAULT NULL
);
INSERT INTO `sample_test` VALUES (4,54540,33,0,NULL,NULL,'Received','2019-07-25 13:52:49',1,NULL);
INSERT INTO `sample_test` VALUES (343,1,3,1,NULL,NULL,NULL,NULL,1,NULL);
INSERT INTO `sample_test` VALUES (344,2,3,1,NULL,NULL,NULL,NULL,1,NULL);
INSERT INTO `sample_test` VALUES (345,3,3,1,NULL,NULL,NULL,NULL,1,NULL);
INSERT INTO `sample_test` VALUES (346,4,3,1,NULL,NULL,NULL,NULL,1,NULL);
INSERT INTO `sample_test` VALUES (347,5,3,1,NULL,NULL,NULL,NULL,1,NULL);
INSERT INTO `sample_test` VALUES (348,6,3,1,NULL,NULL,NULL,NULL,1,NULL);
INSERT INTO `sample_test` VALUES (349,7,3,1,NULL,NULL,NULL,NULL,1,NULL);
INSERT INTO `sample_test` VALUES (350,8,3,1,NULL,NULL,NULL,NULL,1,NULL);
INSERT INTO `sample_test` VALUES (351,9,3,1,NULL,NULL,NULL,NULL,1,NULL);
INSERT INTO `sample_test` VALUES (352,10,3,1,NULL,NULL,NULL,NULL,1,NULL);
INSERT INTO `sample_test` VALUES (353,11,3,1,NULL,NULL,NULL,NULL,1,NULL);
INSERT INTO `sample_test` VALUES (354,12,3,1,NULL,NULL,NULL,NULL,1,NULL);
INSERT INTO `sample_test` VALUES (355,13,3,1,NULL,NULL,NULL,NULL,1,NULL);
INSERT INTO `sample_test` VALUES (356,14,3,1,NULL,NULL,NULL,NULL,1,NULL);
INSERT INTO `sample_test` VALUES (357,15,3,1,NULL,NULL,NULL,NULL,1,NULL);
INSERT INTO `sample_test` VALUES (358,16,3,1,NULL,NULL,NULL,NULL,1,NULL);
INSERT INTO `sample_test` VALUES (359,17,3,1,NULL,NULL,NULL,NULL,1,NULL);
INSERT INTO `sample_test` VALUES (360,18,3,1,NULL,NULL,NULL,NULL,1,NULL);
INSERT INTO `sample_test` VALUES (361,19,3,1,NULL,NULL,NULL,NULL,1,NULL);
INSERT INTO `sample_test` VALUES (363,21,3,1,NULL,NULL,NULL,NULL,1,NULL);
INSERT INTO `sample_test` VALUES (364,22,3,1,NULL,NULL,NULL,NULL,1,NULL);
INSERT INTO `sample_test` VALUES (365,23,3,1,NULL,NULL,NULL,NULL,1,NULL);
INSERT INTO `sample_test` VALUES (366,24,3,1,NULL,NULL,NULL,NULL,1,NULL);
INSERT INTO `sample_test` VALUES (367,25,3,1,NULL,NULL,NULL,NULL,1,NULL);
INSERT INTO `sample_test` VALUES (368,26,3,1,NULL,NULL,NULL,NULL,1,NULL);
INSERT INTO `sample_test` VALUES (369,27,3,1,NULL,NULL,NULL,NULL,1,NULL);
INSERT INTO `sample_test` VALUES (370,28,3,1,NULL,NULL,NULL,NULL,1,NULL);
INSERT INTO `sample_test` VALUES (371,29,3,1,NULL,NULL,NULL,NULL,1,NULL);
INSERT INTO `sample_test` VALUES (372,30,3,1,NULL,NULL,NULL,NULL,1,NULL);
INSERT INTO `sample_test` VALUES (373,31,3,1,NULL,NULL,NULL,NULL,1,NULL);
INSERT INTO `sample_test` VALUES (374,32,3,1,NULL,NULL,NULL,NULL,1,NULL);
INSERT INTO `sample_test` VALUES (375,33,3,1,NULL,NULL,NULL,NULL,1,NULL);
INSERT INTO `sample_test` VALUES (376,34,3,1,NULL,NULL,NULL,NULL,1,NULL);
INSERT INTO `sample_test` VALUES (377,35,3,1,NULL,NULL,NULL,NULL,1,NULL);
INSERT INTO `sample_test` VALUES (378,36,3,1,NULL,NULL,NULL,NULL,1,NULL);
INSERT INTO `sample_test` VALUES (379,37,3,1,NULL,NULL,NULL,NULL,1,NULL);
INSERT INTO `sample_test` VALUES (380,38,3,1,NULL,NULL,NULL,NULL,1,NULL);
INSERT INTO `sample_test` VALUES (381,39,3,1,NULL,NULL,NULL,NULL,1,NULL);
INSERT INTO `sample_test` VALUES (382,40,3,1,NULL,NULL,NULL,NULL,1,NULL);
INSERT INTO `sample_test` VALUES (383,41,3,1,NULL,NULL,NULL,NULL,1,NULL);
INSERT INTO `sample_test` VALUES (384,42,3,1,NULL,NULL,NULL,NULL,1,NULL);
INSERT INTO `sample_test` VALUES (385,43,3,1,NULL,NULL,NULL,NULL,1,NULL);
INSERT INTO `sample_test` VALUES (386,44,3,1,NULL,NULL,NULL,NULL,1,NULL);
INSERT INTO `sample_test` VALUES (387,45,3,1,NULL,NULL,NULL,NULL,1,NULL);
INSERT INTO `sample_test` VALUES (388,46,2,1,NULL,NULL,NULL,NULL,1,NULL);
INSERT INTO `sample_test` VALUES (389,46,4,1,NULL,NULL,NULL,NULL,1,NULL);
INSERT INTO `sample_test` VALUES (390,47,2,1,NULL,NULL,NULL,NULL,1,NULL);
INSERT INTO `sample_test` VALUES (391,47,4,1,NULL,NULL,NULL,NULL,1,NULL);
INSERT INTO `sample_test` VALUES (392,48,2,1,NULL,NULL,NULL,NULL,1,NULL);
INSERT INTO `sample_test` VALUES (393,48,4,1,NULL,NULL,NULL,NULL,1,NULL);
INSERT INTO `sample_test` VALUES (394,49,2,1,NULL,NULL,NULL,NULL,1,NULL);
INSERT INTO `sample_test` VALUES (395,49,4,1,NULL,NULL,NULL,NULL,1,NULL);
INSERT INTO `sample_test` VALUES (396,50,2,1,NULL,NULL,NULL,NULL,1,NULL);
INSERT INTO `sample_test` VALUES (397,50,4,1,NULL,NULL,NULL,NULL,1,NULL);
INSERT INTO `sample_test` VALUES (398,51,2,1,NULL,NULL,NULL,NULL,1,NULL);
INSERT INTO `sample_test` VALUES (399,51,4,1,NULL,NULL,NULL,NULL,1,NULL);
INSERT INTO `sample_test` VALUES (400,52,2,1,NULL,NULL,NULL,NULL,1,NULL);
INSERT INTO `sample_test` VALUES (401,52,4,1,NULL,NULL,NULL,NULL,1,NULL);
INSERT INTO `sample_test` VALUES (402,53,3,1,NULL,NULL,NULL,NULL,1,NULL);
INSERT INTO `sample_test` VALUES (403,54,1,1,NULL,NULL,NULL,NULL,1,NULL);
INSERT INTO `sample_test` VALUES (404,54,2,1,NULL,NULL,NULL,NULL,1,NULL);
INSERT INTO `sample_test` VALUES (405,55,1,1,NULL,NULL,NULL,NULL,1,NULL);
INSERT INTO `sample_test` VALUES (406,55,2,1,NULL,NULL,NULL,NULL,1,NULL);
INSERT INTO `sample_test` VALUES (407,56,1,1,NULL,NULL,NULL,NULL,1,NULL);
INSERT INTO `sample_test` VALUES (408,56,2,1,NULL,NULL,NULL,NULL,1,NULL);
INSERT INTO `sample_test` VALUES (409,57,1,1,NULL,NULL,NULL,NULL,1,NULL);
INSERT INTO `sample_test` VALUES (410,57,2,1,NULL,NULL,NULL,NULL,1,NULL);
INSERT INTO `sample_test` VALUES (411,58,1,1,NULL,NULL,NULL,NULL,1,NULL);
INSERT INTO `sample_test` VALUES (412,59,1,1,NULL,NULL,NULL,NULL,1,NULL);
INSERT INTO `sample_test` VALUES (413,60,1,1,NULL,NULL,NULL,NULL,1,NULL);
INSERT INTO `sample_test` VALUES (414,61,1,1,NULL,NULL,NULL,NULL,1,NULL);
INSERT INTO `sample_test` VALUES (415,62,1,1,NULL,NULL,NULL,NULL,1,NULL);
INSERT INTO `sample_test` VALUES (416,62,2,1,NULL,NULL,NULL,NULL,1,NULL);
INSERT INTO `sample_test` VALUES (417,63,1,1,NULL,NULL,NULL,NULL,1,NULL);
INSERT INTO `sample_test` VALUES (418,63,2,1,NULL,NULL,NULL,NULL,1,NULL);
INSERT INTO `sample_test` VALUES (419,64,1,1,NULL,NULL,NULL,NULL,1,NULL);
INSERT INTO `sample_test` VALUES (420,64,2,1,NULL,NULL,NULL,NULL,1,NULL);
INSERT INTO `sample_test` VALUES (421,65,1,1,NULL,NULL,NULL,NULL,1,NULL);
INSERT INTO `sample_test` VALUES (422,65,2,1,NULL,NULL,NULL,NULL,1,NULL);
INSERT INTO `sample_test` VALUES (423,66,2,1,NULL,NULL,NULL,NULL,1,NULL);
INSERT INTO `sample_test` VALUES (424,67,1,1,NULL,NULL,NULL,NULL,1,NULL);
INSERT INTO `sample_test` VALUES (425,68,1,1,NULL,NULL,NULL,NULL,1,NULL);
INSERT INTO `sample_test` VALUES (426,69,1,1,NULL,NULL,NULL,NULL,1,NULL);
INSERT INTO `sample_test` VALUES (427,70,1,1,NULL,NULL,NULL,NULL,1,NULL);
INSERT INTO `sample_test` VALUES (428,71,1,1,NULL,NULL,NULL,NULL,1,NULL);
INSERT INTO `sample_test` VALUES (429,71,2,1,NULL,NULL,NULL,NULL,1,NULL);
INSERT INTO `sample_test` VALUES (430,72,1,1,NULL,NULL,NULL,NULL,1,NULL);
INSERT INTO `sample_test` VALUES (431,72,2,1,NULL,NULL,NULL,NULL,1,NULL);
INSERT INTO `sample_test` VALUES (432,73,1,1,NULL,NULL,NULL,NULL,1,NULL);
INSERT INTO `sample_test` VALUES (433,73,2,1,NULL,NULL,NULL,NULL,1,NULL);
INSERT INTO `sample_test` VALUES (434,74,1,1,NULL,NULL,NULL,NULL,1,NULL);
INSERT INTO `sample_test` VALUES (435,74,2,1,NULL,NULL,NULL,NULL,1,NULL);
INSERT INTO `sample_test` VALUES (436,75,1,1,NULL,NULL,NULL,NULL,1,NULL);
INSERT INTO `sample_test` VALUES (437,76,1,1,NULL,NULL,NULL,NULL,1,NULL);
INSERT INTO `sample_test` VALUES (438,77,3,1,NULL,NULL,NULL,NULL,1,NULL);
INSERT INTO `sample_test` VALUES (439,78,3,1,NULL,NULL,NULL,NULL,1,NULL);
INSERT INTO `sample_test` VALUES (440,79,3,1,NULL,NULL,NULL,NULL,1,NULL);
INSERT INTO `sample_test` VALUES (441,80,3,1,NULL,NULL,NULL,NULL,1,NULL);
INSERT INTO `sample_test` VALUES (442,81,3,1,NULL,NULL,NULL,NULL,1,NULL);
INSERT INTO `sample_test` VALUES (443,82,3,1,NULL,NULL,NULL,NULL,1,NULL);
INSERT INTO `sample_test` VALUES (444,83,3,1,NULL,NULL,NULL,NULL,1,NULL);
INSERT INTO `sample_test` VALUES (445,84,3,1,NULL,NULL,NULL,NULL,1,NULL);
INSERT INTO `sample_test` VALUES (446,85,3,1,NULL,NULL,NULL,NULL,1,NULL);
INSERT INTO `sample_test` VALUES (447,86,3,1,NULL,NULL,NULL,NULL,1,NULL);
INSERT INTO `sample_test` VALUES (448,87,3,1,NULL,NULL,NULL,NULL,1,NULL);
INSERT INTO `sample_test` VALUES (449,88,3,1,NULL,NULL,NULL,NULL,1,NULL);
INSERT INTO `sample_test` VALUES (450,89,3,1,NULL,NULL,NULL,NULL,1,NULL);
INSERT INTO `sample_test` VALUES (451,90,3,1,NULL,NULL,NULL,NULL,1,NULL);
INSERT INTO `sample_test` VALUES (452,91,3,1,NULL,NULL,NULL,NULL,1,NULL);
INSERT INTO `sample_test` VALUES (453,92,3,1,NULL,NULL,NULL,NULL,1,NULL);
INSERT INTO `sample_test` VALUES (454,93,3,1,NULL,NULL,NULL,NULL,1,NULL);
INSERT INTO `sample_test` VALUES (455,94,3,1,NULL,NULL,NULL,NULL,1,NULL);
INSERT INTO `sample_test` VALUES (456,95,3,1,NULL,NULL,NULL,NULL,1,NULL);
INSERT INTO `sample_test` VALUES (457,96,3,1,NULL,NULL,NULL,NULL,1,NULL);
INSERT INTO `sample_test` VALUES (458,97,3,1,NULL,NULL,NULL,NULL,1,NULL);
INSERT INTO `sample_test` VALUES (459,98,3,1,NULL,NULL,NULL,NULL,1,NULL);
INSERT INTO `sample_test` VALUES (460,99,3,1,NULL,NULL,NULL,NULL,1,NULL);
INSERT INTO `sample_test` VALUES (461,100,3,1,NULL,NULL,NULL,NULL,1,NULL);
INSERT INTO `sample_test` VALUES (462,101,3,1,NULL,NULL,NULL,NULL,1,NULL);
INSERT INTO `sample_test` VALUES (463,102,3,1,NULL,NULL,NULL,NULL,1,NULL);
INSERT INTO `sample_test` VALUES (464,103,3,1,NULL,NULL,NULL,NULL,1,NULL);
INSERT INTO `sample_test` VALUES (465,104,3,1,NULL,NULL,NULL,NULL,1,NULL);
INSERT INTO `sample_test` VALUES (466,105,3,1,NULL,NULL,NULL,NULL,1,NULL);
INSERT INTO `sample_test` VALUES (467,106,2,1,NULL,NULL,NULL,NULL,1,NULL);
INSERT INTO `sample_test` VALUES (468,107,1,1,NULL,NULL,NULL,NULL,1,NULL);
INSERT INTO `sample_test` VALUES (469,107,2,1,NULL,NULL,NULL,NULL,1,NULL);
INSERT INTO `sample_test` VALUES (470,108,1,1,NULL,NULL,NULL,NULL,1,NULL);
INSERT INTO `sample_test` VALUES (471,108,2,1,NULL,NULL,NULL,NULL,1,NULL);
INSERT INTO `sample_test` VALUES (472,109,1,1,NULL,NULL,NULL,NULL,1,NULL);
INSERT INTO `sample_test` VALUES (490,127,3,1,NULL,NULL,NULL,NULL,1,NULL);
INSERT INTO `sample_test` VALUES (491,127,5,1,NULL,NULL,NULL,NULL,1,NULL);
INSERT INTO `sample_test` VALUES (492,128,3,1,NULL,NULL,NULL,NULL,1,NULL);
INSERT INTO `sample_test` VALUES (493,128,5,1,NULL,NULL,NULL,NULL,1,NULL);
INSERT INTO `sample_test` VALUES (494,129,5,1,NULL,NULL,NULL,NULL,1,NULL);
INSERT INTO `sample_test` VALUES (495,130,5,1,NULL,NULL,NULL,NULL,1,NULL);
INSERT INTO `sample_test` VALUES (496,131,5,1,NULL,NULL,NULL,NULL,1,NULL);
INSERT INTO `sample_test` VALUES (497,132,5,1,NULL,NULL,NULL,NULL,1,NULL);
INSERT INTO `sample_test` VALUES (498,133,5,1,NULL,NULL,NULL,NULL,1,NULL);
INSERT INTO `sample_test` VALUES (499,134,5,1,NULL,NULL,NULL,NULL,1,NULL);
INSERT INTO `sample_test` VALUES (500,135,5,1,NULL,NULL,NULL,NULL,1,NULL);
INSERT INTO `sample_test` VALUES (501,136,5,1,NULL,NULL,NULL,NULL,1,NULL);
INSERT INTO `sample_test` VALUES (502,137,5,1,NULL,NULL,NULL,NULL,1,NULL);
INSERT INTO `sample_test` VALUES (503,138,5,1,NULL,NULL,NULL,NULL,1,NULL);
INSERT INTO `sample_test` VALUES (504,139,5,1,NULL,NULL,NULL,NULL,1,NULL);
INSERT INTO `sample_test` VALUES (505,140,5,1,NULL,NULL,NULL,NULL,1,NULL);
INSERT INTO `sample_test` VALUES (506,141,5,1,NULL,NULL,NULL,NULL,1,NULL);
INSERT INTO `sample_test` VALUES (507,142,5,1,NULL,NULL,NULL,NULL,1,NULL);
INSERT INTO `sample_test` VALUES (508,143,5,1,NULL,NULL,NULL,NULL,1,NULL);
INSERT INTO `sample_test` VALUES (509,144,5,1,NULL,NULL,NULL,NULL,1,NULL);
INSERT INTO `sample_test` VALUES (510,145,5,1,NULL,NULL,NULL,NULL,1,NULL);
INSERT INTO `sample_test` VALUES (511,146,5,1,NULL,NULL,NULL,NULL,1,NULL);
CREATE TABLE `tests` (
  `idtests` integer NOT NULL PRIMARY KEY AUTOINCREMENT
,  `name` varchar(45) DEFAULT NULL
,  `duration` integer DEFAULT NULL
,  `tm` integer DEFAULT NULL
,  `ACCNumber` varchar(45) DEFAULT NULL
,  `type` varchar(45) DEFAULT NULL
,  `target` varchar(100) DEFAULT NULL
,  `report_def` varchar(200) DEFAULT NULL
,  `uom` varchar(45) DEFAULT NULL
,  `lod` varchar(45) DEFAULT NULL
,  `abv` varchar(6) DEFAULT NULL
,  `owner` integer DEFAULT NULL
,  `class` varchar(45) DEFAULT NULL
,  `MU` float DEFAULT NULL
);
INSERT INTO `tests` VALUES (43,'PirA / PirB',24,NULL,'qPCR','qPCR','PirA / PirB',NULL,'CT','ND',NULL,2,'prawn',NULL);
INSERT INTO `tests` VALUES (44,'EHP',24,NULL,'qPCR','qPCR','Hepatopancreatic microsporidiosis',NULL,'CT','ND',NULL,2,'prawn',NULL);
INSERT INTO `tests` VALUES (45,'HPV',24,NULL,'qPCR','qPCR','Hepatopancreatic Parvovirus',NULL,'CT','ND',NULL,2,'prawn',NULL);
INSERT INTO `tests` VALUES (46,'IHHNV',24,NULL,'qPCR','qPCR','Infectious Hypodermal and Haematopoietic Necrosis',NULL,'CT','ND',NULL,2,'prawn',NULL);
INSERT INTO `tests` VALUES (47,'PvSNPV',24,NULL,'qPCR','qPCR','Tetrahedral Baculovirus',NULL,'CT','ND',NULL,2,'prawn',NULL);
INSERT INTO `tests` VALUES (48,'SMV',24,NULL,'qPCR','qPCR','Spawner Isolated Mortality Virus',NULL,'CT','ND',NULL,2,'prawn',NULL);
INSERT INTO `tests` VALUES (49,'GAV & YHV6',24,NULL,'RT-qPCR','RT-qPCR','YHV / GAV Varients',NULL,'CT','ND',NULL,2,'prawn',NULL);
INSERT INTO `tests` VALUES (50,'IMNV',24,NULL,'RT-qPCR','RT-qPCR','Infectious Myonecrosis Virus',NULL,'CT','ND',NULL,2,'prawn',NULL);
INSERT INTO `tests` VALUES (51,'LSNV',24,NULL,'RT-qPCR','RT-qPCR','Laem Singh Virus, Slow Growth Virus',NULL,'CT','ND',NULL,2,'prawn',NULL);
INSERT INTO `tests` VALUES (52,'MoV',24,NULL,'RT-qPCR','RT-qPCR','Mourilyan Virus',NULL,'CT','ND',NULL,2,'prawn',NULL);
INSERT INTO `tests` VALUES (53,'TSV',24,NULL,'RT-qPCR','RT-qPCR','Taura Syndrome Virus',NULL,'CT','ND',NULL,2,'prawn',NULL);
INSERT INTO `tests` VALUES (54,'WSSV',24,NULL,'qPCR','qPCR','White Spot Syndrome Virus',NULL,'CT','ND',NULL,2,'prawn',NULL);
INSERT INTO `tests` VALUES (55,'YHV1',24,NULL,'RT-qPCR','RT-qPCR','Yellow Head Virus',NULL,'CT','ND',NULL,2,'prawn',NULL);
INSERT INTO `tests` VALUES (56,'YHV7',24,NULL,'RT-qPCR','RT-qPCR','Yellow Head Virus Type 7',NULL,'CT','ND',NULL,2,'prawn',NULL);
INSERT INTO `tests` VALUES (84,'cador tkp',12,NULL,'XYR-201','qPCR',NULL,NULL,'/ swab','Not Detected',NULL,2,'prawn',NULL);
INSERT INTO `tests` VALUES (87,'Extraction',2,NULL,'','Molecular','Prawn',NULL,'CT','ND',NULL,2,'prawn',NULL);
INSERT INTO `tests` VALUES (88,'Vibrio',6,NULL,'XYP-200 Method 002','qPCR','Vibrio Triple','Microbial Water Analysis - in accordance with EDP-200 Method-006; real-time PCR detection of Vibrio vulnificus, V. parahaemolyticus, and V. cholerae',' / 10 mL','Not Detected','QLEG',2,'water',NULL);
INSERT INTO `tests` VALUES (90,'PPC',24,NULL,'RT-qPCR','qPCR','DNA Positive Control',NULL,'CT','ND',NULL,2,'prawn',NULL);
INSERT INTO `tests` VALUES (91,'RNA POS',24,37,'EDP-310','qPCR','Endogenous RNA Positive','','','ND',NULL,2,'prawn',NULL);
INSERT INTO `tests` VALUES (97,'BioMonitoring - Bacteria',72,NULL,'XYP-200 Method 009','qPCR','Bacteria','Bacteria (Primers B516F & B907R) Reference SPE-179919; average copy number 2.4 per cell','GU / mL','<1','QLEG',2,'water',NULL);
INSERT INTO `tests` VALUES (98,'BioMonitoring - Archaea',72,NULL,'XYP-200 Method 009','qPCR','Archaea','Archaea (Primers A519F & A907R) Reference SPE-179919; average copy number 1.46 per cell','GU / mL','<1','QLEG',2,'water',NULL);
INSERT INTO `tests` VALUES (99,'BioMonitoring - SRB',72,NULL,'XYP-200 Method 009','qPCR','Sulfate-reducing Bacteria','Sulfate-reducing Bacteria (Primers RH1-dsr-F & RH3-dsr-R) Reference Ben-Dov et al 2007; average copy number 15.7 per cell','GU / mL','<1','QLEG',2,'water',NULL);
INSERT INTO `tests` VALUES (100,'BioMonitoring - Nitrate',72,NULL,'XYP-200 Method 009','qPCR','Nitrogen-reducing Bacteria','Nitrogen-reducing Bacteria (Primers NapA2F & NapA2R)','GU / mL','<1','QLEG',2,'water',NULL);
INSERT INTO `tests` VALUES (101,'PharmacoScan',360,NULL,NULL,'Human',NULL,NULL,NULL,NULL,NULL,2,'Human',NULL);
INSERT INTO `tests` VALUES (102,'DNA Extraction',24,NULL,NULL,'Human DNA Extraction',NULL,NULL,NULL,NULL,NULL,2,'Molecular',NULL);
INSERT INTO `tests` VALUES (113,'BFD',6,NULL,'XYP-301','PCR','Psittacine Beak and Feather Disease','Hess et al (2004) Avian Pathology, 33:5, 477 - 481',NULL,NULL,NULL,2,'bird',NULL);
INSERT INTO `tests` VALUES (116,'DNA RNA Extraction - Viral',24,NULL,NULL,'Prawn Extraction',NULL,NULL,NULL,NULL,NULL,2,'prawn',NULL);
INSERT INTO `tests` VALUES (117,'DNA QC',NULL,NULL,NULL,'qPCR',NULL,NULL,NULL,NULL,NULL,2,'molecular',NULL);
INSERT INTO `tests` VALUES (121,'Gene Copy Number CYP2D6 Exon 9',48,NULL,NULL,'qPCR','Exon 9',NULL,'Copy Number',NULL,NULL,2,'Pharmacoscan',NULL);
INSERT INTO `tests` VALUES (122,'Gene Copy Number CYP2D6 Intron 6',48,NULL,NULL,'qPCR','Intron 6',NULL,'Copy Number',NULL,NULL,2,'Pharmacoscan',NULL);
INSERT INTO `tests` VALUES (124,'XYT50K',240,NULL,NULL,'Bovine 50K',NULL,NULL,NULL,NULL,NULL,2,'Bovine',NULL);
INSERT INTO `tests` VALUES (133,'Ovine PV',360,NULL,NULL,'Ovine PV','Ovine',NULL,NULL,NULL,NULL,2,'Ovine',NULL);
INSERT INTO `tests` VALUES (135,'Ovine 50K',360,NULL,NULL,'Ovine 50K','Ovine',NULL,NULL,NULL,NULL,2,'Ovine',NULL);
INSERT INTO `tests` VALUES (154,'PCR1',1,NULL,NULL,'Molecular','Invertibrates',NULL,NULL,NULL,NULL,2,'Environmental',NULL);
INSERT INTO `tests` VALUES (164,'PCR2',1,NULL,NULL,'Molecular','Invertibrates',NULL,NULL,NULL,NULL,2,'Environmental',NULL);
INSERT INTO `tests` VALUES (174,'PCR3',1,NULL,NULL,'Molecular','Invertibrates',NULL,NULL,NULL,NULL,2,'Environmental',NULL);
INSERT INTO `tests` VALUES (175,'BioMonitoring - Universal',72,NULL,'XYP-200 Method 009','qPCR','Universal','Universal Primers','GU / mL','<1','QLEG',2,'water',NULL);
INSERT INTO `tests` VALUES (176,'WGS',72,NULL,NULL,NULL,NULL,NULL,NULL,NULL,NULL,2,'Molecular',NULL);
INSERT INTO `tests` VALUES (177,'FecB',NULL,NULL,NULL,NULL,NULL,NULL,NULL,NULL,NULL,2,'Ovine',NULL);
INSERT INTO `tests` VALUES (178,'STORE',NULL,NULL,NULL,NULL,NULL,NULL,NULL,NULL,NULL,2,NULL,NULL);
INSERT INTO `tests` VALUES (179,'PV',360,NULL,NULL,NULL,NULL,NULL,NULL,NULL,NULL,2,NULL,NULL);
INSERT INTO `tests` VALUES (180,'Recessives',0,NULL,NULL,NULL,NULL,NULL,NULL,NULL,NULL,2,NULL,NULL);
INSERT INTO `tests` VALUES (181,'MIPupg',360,NULL,NULL,NULL,NULL,NULL,NULL,NULL,NULL,2,NULL,NULL);
INSERT INTO `tests` VALUES (182,'Poll',NULL,NULL,NULL,NULL,NULL,NULL,NULL,NULL,NULL,2,NULL,NULL);
INSERT INTO `tests` VALUES (183,'MBV',NULL,NULL,NULL,NULL,NULL,NULL,NULL,NULL,NULL,2,NULL,NULL);
END TRANSACTION;
